-- phpMyAdmin SQL Dump
-- version 4.8.2
-- https://www.phpmyadmin.net/
--
-- Servidor: 127.0.0.1
-- Tiempo de generación: 18-08-2019 a las 17:17:51
-- Versión del servidor: 10.1.34-MariaDB
-- Versión de PHP: 7.2.8

SET SQL_MODE = "NO_AUTO_VALUE_ON_ZERO";
SET AUTOCOMMIT = 0;
START TRANSACTION;
SET time_zone = "+00:00";


/*!40101 SET @OLD_CHARACTER_SET_CLIENT=@@CHARACTER_SET_CLIENT */;
/*!40101 SET @OLD_CHARACTER_SET_RESULTS=@@CHARACTER_SET_RESULTS */;
/*!40101 SET @OLD_COLLATION_CONNECTION=@@COLLATION_CONNECTION */;
/*!40101 SET NAMES utf8mb4 */;

--
-- Base de datos: `uptamca`
--

-- --------------------------------------------------------

--
-- Estructura de tabla para la tabla `apartamentos`
--

CREATE TABLE `apartamentos` (
  `id_apartamento` int(10) UNSIGNED NOT NULL,
  `piso` int(2) DEFAULT NULL,
  `napartamento` int(10) DEFAULT NULL,
  `habitado` tinyint(1) NOT NULL,
  `pdf` int(250) NOT NULL
) ENGINE=InnoDB DEFAULT CHARSET=latin1;

--
-- Volcado de datos para la tabla `apartamentos`
--

INSERT INTO `apartamentos` (`id_apartamento`, `piso`, `napartamento`, `habitado`, `pdf`) VALUES
(1, 1, 12, 1, 0),
(3, 1, 15, 1, 0),
(4, 1, 13, 1, 0),
(5, 1, 11, 1, 0),
(6, 1, 14, 1, 0),
(7, 1, 16, 1, 0),
(64, 2, 21, 1, 0),
(65, 2, 22, 1, 0),
(66, 2, 23, 1, 0),
(67, 2, 24, 0, 0),
(68, 2, 25, 0, 0),
(69, 2, 26, 0, 0),
(70, 3, 31, 0, 0),
(71, 3, 32, 0, 0),
(72, 3, 33, 0, 0),
(73, 3, 34, 0, 0),
(74, 3, 35, 0, 0),
(75, 3, 36, 0, 0),
(76, 4, 41, 0, 0),
(77, 4, 42, 0, 0),
(78, 4, 43, 0, 0),
(79, 4, 44, 0, 0),
(80, 4, 45, 0, 0),
(81, 4, 46, 0, 0),
(82, 5, 51, 0, 0),
(83, 5, 52, 0, 0),
(84, 5, 53, 0, 0),
(85, 5, 54, 0, 0),
(86, 5, 55, 0, 0),
(87, 5, 56, 0, 0),
(88, 6, 61, 0, 0),
(89, 6, 62, 0, 0),
(90, 6, 63, 0, 0),
(91, 6, 64, 0, 0),
(92, 6, 65, 0, 0),
(93, 6, 66, 0, 0),
(94, 7, 71, 0, 0),
(95, 7, 72, 0, 0),
(96, 7, 73, 0, 0),
(97, 7, 74, 0, 0),
(98, 7, 75, 0, 0),
(99, 7, 76, 0, 0),
(100, 8, 81, 0, 0),
(101, 8, 82, 0, 0),
(102, 8, 83, 0, 0),
(103, 8, 84, 0, 0),
(104, 8, 85, 0, 0),
(105, 8, 86, 0, 0),
(106, 9, 91, 0, 0),
(107, 9, 92, 0, 0),
(108, 9, 93, 0, 0),
(109, 9, 94, 0, 0),
(110, 9, 95, 0, 0),
(111, 9, 96, 0, 0),
(112, 10, 101, 0, 0),
(113, 10, 102, 0, 0),
(114, 10, 103, 0, 0),
(115, 10, 104, 0, 0),
(116, 10, 105, 0, 0),
(117, 10, 106, 0, 0),
(118, 11, 111, 0, 0),
(119, 11, 112, 0, 0),
(120, 11, 113, 0, 0),
(121, 11, 114, 0, 0),
(122, 11, 115, 0, 0),
(123, 11, 116, 0, 0),
(124, 12, 121, 0, 0),
(125, 12, 122, 0, 0),
(126, 12, 123, 0, 0),
(127, 12, 124, 0, 0),
(128, 12, 125, 0, 0),
(129, 12, 126, 0, 0);

-- --------------------------------------------------------

--
-- Estructura de tabla para la tabla `historialpdf`
--

CREATE TABLE `historialpdf` (
  `id_pdf` int(250) NOT NULL,
  `fecha` date NOT NULL,
  `pago` tinyint(1) NOT NULL,
  `url` varchar(250) NOT NULL
) ENGINE=InnoDB DEFAULT CHARSET=latin1;

-- --------------------------------------------------------

--
-- Estructura de tabla para la tabla `login`
--

CREATE TABLE `login` (
  `id_login` int(10) UNSIGNED NOT NULL,
  `username` varchar(100) DEFAULT NULL,
  `password` varchar(100) DEFAULT NULL,
  `nombres` varchar(100) DEFAULT NULL,
  `apellidos` varchar(100) DEFAULT NULL,
  `cedula` int(8) NOT NULL DEFAULT '0',
  `telefono` varchar(11) DEFAULT NULL,
  `email` text,
  `apartamento` int(10) UNSIGNED NOT NULL
) ENGINE=InnoDB DEFAULT CHARSET=latin1;

--
-- Volcado de datos para la tabla `login`
--

INSERT INTO `login` (`id_login`, `username`, `password`, `nombres`, `apellidos`, `cedula`, `telefono`, `email`, `apartamento`) VALUES
(1, 'admin', 'admin', 'admin', 'admin', 99999999, '04242776784', 'admin@gmail.com', 1),
(3, 'juan', 'juan', 'Juan', 'Mendez', 5046845, '04145897684', 'juan@gmail.com', 3),
(4, 'abraham', 'abraham', 'Abraham', 'Mendoza', 12345678, '04122023358', 'abraham@gmail.com', 4),
(5, 'adolfo', 'adolfo', 'Adolfo Abraham', 'Mendoza Briceno', 26323268, '04242776784', 'adolfomenbrice15@gmail.com', 5),
(6, 'pedro', 'pedro', 'Pedro', 'Perez', 50650650, '04249537462', 'pedro@gmail.com', 6),
(24, 'pepe', 'pepe', 'pepegrillo', 'pepe', 2147483647, '50656840', 'pepegrillo@gmail.com', 7),
(25, 'gago', 'gago', 'gago', 'gago', 2147483647, '40545405', 'gago@gmail.com', 64),
(28, 'ruben', 'ruben', 'ruben', 'penedo', 2147483647, '40545604', 'ruben@gmail.com', 65),
(29, 'jj', 'jj', 'jj', 'jj', 48604864, '54680435', 'jj@gmail.com', 66);

-- --------------------------------------------------------

--
-- Estructura de tabla para la tabla `servicioapartamento`
--

CREATE TABLE `servicioapartamento` (
  `id` int(10) UNSIGNED NOT NULL,
  `apartamento` int(10) UNSIGNED DEFAULT NULL,
  `servicio` int(10) UNSIGNED DEFAULT NULL,
  `activo` tinyint(1) DEFAULT NULL
) ENGINE=InnoDB DEFAULT CHARSET=latin1;

--
-- Volcado de datos para la tabla `servicioapartamento`
--

INSERT INTO `servicioapartamento` (`id`, `apartamento`, `servicio`, `activo`) VALUES
(3, 1, 8, 1),
(4, 1, 11, 1),
(5, 1, 9, 1),
(6, 1, 10, 0),
(7, 1, 6, 0),
(8, 1, 7, 0),
(9, 3, 8, 0),
(10, 3, 11, 1),
(11, 3, 9, 1),
(12, 3, 10, 0),
(13, 3, 6, 0),
(14, 3, 7, 0),
(15, 4, 8, 1),
(16, 4, 11, 1),
(17, 4, 9, 1),
(18, 4, 10, 0),
(19, 4, 6, 1),
(20, 4, 7, 1),
(21, 5, 8, 1),
(22, 5, 11, 1),
(23, 5, 9, 1),
(24, 5, 10, 1),
(25, 5, 6, 1),
(26, 5, 7, 1),
(33, 6, 8, 1),
(34, 6, 11, 1),
(35, 6, 9, 1),
(36, 6, 10, 0),
(37, 6, 6, 0),
(39, 7, 8, 1),
(40, 7, 11, 1),
(41, 7, 9, 1),
(42, 7, 10, 1),
(43, 7, 6, 1),
(44, 7, 7, 1),
(45, 64, 6, 0),
(46, 64, 7, 0),
(47, 64, 8, 1),
(48, 64, 9, 1),
(49, 64, 10, 1),
(50, 64, 11, 1),
(51, 64, 12, 1),
(52, 65, 6, 1),
(53, 65, 7, 1),
(54, 65, 8, 1),
(55, 65, 9, 1),
(56, 65, 10, 0),
(57, 65, 11, 0),
(58, 65, 12, 0),
(59, 66, 6, 0),
(60, 66, 7, 0),
(61, 66, 8, 0),
(62, 66, 9, 0),
(63, 66, 10, 0),
(64, 66, 11, 0),
(65, 66, 12, 0),
(66, 67, 6, 0),
(67, 67, 7, 0),
(68, 67, 8, 0),
(69, 67, 9, 0),
(70, 67, 10, 0),
(71, 67, 11, 0),
(72, 67, 12, 0),
(73, 68, 6, 0),
(74, 68, 7, 0),
(75, 68, 8, 0),
(76, 68, 9, 0),
(77, 68, 10, 0),
(78, 68, 11, 0),
(79, 68, 12, 0),
(80, 69, 6, 0),
(81, 69, 7, 0),
(82, 69, 8, 0),
(83, 69, 9, 0),
(84, 69, 10, 0),
(85, 69, 11, 0),
(86, 69, 12, 0),
(87, 70, 6, 0),
(88, 70, 7, 0),
(89, 70, 8, 0),
(90, 70, 9, 0),
(91, 70, 10, 0),
(92, 70, 11, 0),
(93, 70, 12, 0),
(94, 71, 6, 0),
(95, 71, 7, 0),
(96, 71, 8, 0),
(97, 71, 9, 0),
(98, 71, 10, 0),
(99, 71, 11, 0),
(100, 71, 12, 0),
(101, 72, 6, 0),
(102, 72, 7, 0),
(103, 72, 8, 0),
(104, 72, 9, 0),
(105, 72, 10, 0),
(106, 72, 11, 0),
(107, 72, 12, 0),
(108, 73, 6, 0),
(109, 73, 7, 0),
(110, 73, 8, 0),
(111, 73, 9, 0),
(112, 73, 10, 0),
(113, 73, 11, 0),
(114, 73, 12, 0),
(115, 74, 6, 0),
(116, 74, 7, 0),
(117, 74, 8, 0),
(118, 74, 9, 0),
(119, 74, 10, 0),
(120, 74, 11, 0),
(121, 74, 12, 0),
(122, 75, 6, 0),
(123, 75, 7, 0),
(124, 75, 8, 0),
(125, 75, 9, 0),
(126, 75, 10, 0),
(127, 75, 11, 0),
(128, 75, 12, 0),
(129, 76, 6, 0),
(130, 76, 7, 0),
(131, 76, 8, 0),
(132, 76, 9, 0),
(133, 76, 10, 0),
(134, 76, 11, 0),
(135, 76, 12, 0),
(136, 77, 6, 0),
(137, 77, 7, 0),
(138, 77, 8, 0),
(139, 77, 9, 0),
(140, 77, 10, 0),
(141, 77, 11, 0),
(142, 77, 12, 0),
(143, 78, 6, 0),
(144, 78, 7, 0),
(145, 78, 8, 0),
(146, 78, 9, 0),
(147, 78, 10, 0),
(148, 78, 11, 0),
(149, 78, 12, 0),
(150, 79, 6, 0),
(151, 79, 7, 0),
(152, 79, 8, 0),
(153, 79, 9, 0),
(154, 79, 10, 0),
(155, 79, 11, 0),
(156, 79, 12, 0),
(157, 80, 6, 0),
(158, 80, 7, 0),
(159, 80, 8, 0),
(160, 80, 9, 0),
(161, 80, 10, 0),
(162, 80, 11, 0),
(163, 80, 12, 0),
(164, 81, 6, 0),
(165, 81, 7, 0),
(166, 81, 8, 0),
(167, 81, 9, 0),
(168, 81, 10, 0),
(169, 81, 11, 0),
(170, 81, 12, 0),
(171, 82, 6, 0),
(172, 82, 7, 0),
(173, 82, 8, 0),
(174, 82, 9, 0),
(175, 82, 10, 0),
(176, 82, 11, 0),
(177, 82, 12, 0),
(178, 83, 6, 0),
(179, 83, 7, 0),
(180, 83, 8, 0),
(181, 83, 9, 0),
(182, 83, 10, 0),
(183, 83, 11, 0),
(184, 83, 12, 0),
(185, 84, 6, 0),
(186, 84, 7, 0),
(187, 84, 8, 0),
(188, 84, 9, 0),
(189, 84, 10, 0),
(190, 84, 11, 0),
(191, 84, 12, 0),
(192, 85, 6, 0),
(193, 85, 7, 0),
(194, 85, 8, 0),
(195, 85, 9, 0),
(196, 85, 10, 0),
(197, 85, 11, 0),
(198, 85, 12, 0),
(199, 86, 6, 0),
(200, 86, 7, 0),
(201, 86, 8, 0),
(202, 86, 9, 0),
(203, 86, 10, 0),
(204, 86, 11, 0),
(205, 86, 12, 0),
(206, 87, 6, 0),
(207, 87, 7, 0),
(208, 87, 8, 0),
(209, 87, 9, 0),
(210, 87, 10, 0),
(211, 87, 11, 0),
(212, 87, 12, 0),
(213, 88, 6, 0),
(214, 88, 7, 0),
(215, 88, 8, 0),
(216, 88, 9, 0),
(217, 88, 10, 0),
(218, 88, 11, 0),
(219, 88, 12, 0),
(220, 89, 6, 0),
(221, 89, 7, 0),
(222, 89, 8, 0),
(223, 89, 9, 0),
(224, 89, 10, 0),
(225, 89, 11, 0),
(226, 89, 12, 0),
(227, 90, 6, 0),
(228, 90, 7, 0),
(229, 90, 8, 0),
(230, 90, 9, 0),
(231, 90, 10, 0),
(232, 90, 11, 0),
(233, 90, 12, 0),
(234, 91, 6, 0),
(235, 91, 7, 0),
(236, 91, 8, 0),
(237, 91, 9, 0),
(238, 91, 10, 0),
(239, 91, 11, 0),
(240, 91, 12, 0),
(241, 92, 6, 0),
(242, 92, 7, 0),
(243, 92, 8, 0),
(244, 92, 9, 0),
(245, 92, 10, 0),
(246, 92, 11, 0),
(247, 92, 12, 0),
(248, 93, 6, 0),
(249, 93, 7, 0),
(250, 93, 8, 0),
(251, 93, 9, 0),
(252, 93, 10, 0),
(253, 93, 11, 0),
(254, 93, 12, 0),
(255, 94, 6, 0),
(256, 94, 7, 0),
(257, 94, 8, 0),
(258, 94, 9, 0),
(259, 94, 10, 0),
(260, 94, 11, 0),
(261, 94, 12, 0),
(262, 95, 6, 0),
(263, 95, 7, 0),
(264, 95, 8, 0),
(265, 95, 9, 0),
(266, 95, 10, 0),
(267, 95, 11, 0),
(268, 95, 12, 0),
(269, 96, 6, 0),
(270, 96, 7, 0),
(271, 96, 8, 0),
(272, 96, 9, 0),
(273, 96, 10, 0),
(274, 96, 11, 0),
(275, 96, 12, 0),
(276, 97, 6, 0),
(277, 97, 7, 0),
(278, 97, 8, 0),
(279, 97, 9, 0),
(280, 97, 10, 0),
(281, 97, 11, 0),
(282, 97, 12, 0),
(283, 98, 6, 0),
(284, 98, 7, 0),
(285, 98, 8, 0),
(286, 98, 9, 0),
(287, 98, 10, 0),
(288, 98, 11, 0),
(289, 98, 12, 0),
(290, 99, 6, 0),
(291, 99, 7, 0),
(292, 99, 8, 0),
(293, 99, 9, 0),
(294, 99, 10, 0),
(295, 99, 11, 0),
(296, 99, 12, 0),
(297, 100, 6, 0),
(298, 100, 7, 0),
(299, 100, 8, 0),
(300, 100, 9, 0),
(301, 100, 10, 0),
(302, 100, 11, 0),
(303, 100, 12, 0),
(304, 101, 6, 0),
(305, 101, 7, 0),
(306, 101, 8, 0),
(307, 101, 9, 0),
(308, 101, 10, 0),
(309, 101, 11, 0),
(310, 101, 12, 0),
(311, 102, 6, 0),
(312, 102, 7, 0),
(313, 102, 8, 0),
(314, 102, 9, 0),
(315, 102, 10, 0),
(316, 102, 11, 0),
(317, 102, 12, 0),
(318, 103, 6, 0),
(319, 103, 7, 0),
(320, 103, 8, 0),
(321, 103, 9, 0),
(322, 103, 10, 0),
(323, 103, 11, 0),
(324, 103, 12, 0),
(325, 104, 6, 0),
(326, 104, 7, 0),
(327, 104, 8, 0),
(328, 104, 9, 0),
(329, 104, 10, 0),
(330, 104, 11, 0),
(331, 104, 12, 0),
(332, 105, 6, 0),
(333, 105, 7, 0),
(334, 105, 8, 0),
(335, 105, 9, 0),
(336, 105, 10, 0),
(337, 105, 11, 0),
(338, 105, 12, 0),
(339, 106, 6, 0),
(340, 106, 7, 0),
(341, 106, 8, 0),
(342, 106, 9, 0),
(343, 106, 10, 0),
(344, 106, 11, 0),
(345, 106, 12, 0),
(346, 107, 6, 0),
(347, 107, 7, 0),
(348, 107, 8, 0),
(349, 107, 9, 0),
(350, 107, 10, 0),
(351, 107, 11, 0),
(352, 107, 12, 0),
(353, 108, 6, 0),
(354, 108, 7, 0),
(355, 108, 8, 0),
(356, 108, 9, 0),
(357, 108, 10, 0),
(358, 108, 11, 0),
(359, 108, 12, 0),
(360, 109, 6, 0),
(361, 109, 7, 0),
(362, 109, 8, 0),
(363, 109, 9, 0),
(364, 109, 10, 0),
(365, 109, 11, 0),
(366, 109, 12, 0),
(367, 110, 6, 0),
(368, 110, 7, 0),
(369, 110, 8, 0),
(370, 110, 9, 0),
(371, 110, 10, 0),
(372, 110, 11, 0),
(373, 110, 12, 0),
(374, 111, 6, 0),
(375, 111, 7, 0),
(376, 111, 8, 0),
(377, 111, 9, 0),
(378, 111, 10, 0),
(379, 111, 11, 0),
(380, 111, 12, 0),
(381, 112, 6, 0),
(382, 112, 7, 0),
(383, 112, 8, 0),
(384, 112, 9, 0),
(385, 112, 10, 0),
(386, 112, 11, 0),
(387, 112, 12, 0),
(388, 113, 6, 0),
(389, 113, 7, 0),
(390, 113, 8, 0),
(391, 113, 9, 0),
(392, 113, 10, 0),
(393, 113, 11, 0),
(394, 113, 12, 0),
(395, 114, 6, 0),
(396, 114, 7, 0),
(397, 114, 8, 0),
(398, 114, 9, 0),
(399, 114, 10, 0),
(400, 114, 11, 0),
(401, 114, 12, 0),
(402, 115, 6, 0),
(403, 115, 7, 0),
(404, 115, 8, 0),
(405, 115, 9, 0),
(406, 115, 10, 0),
(407, 115, 11, 0),
(408, 115, 12, 0),
(409, 116, 6, 0),
(410, 116, 7, 0),
(411, 116, 8, 0),
(412, 116, 9, 0),
(413, 116, 10, 0),
(414, 116, 11, 0),
(415, 116, 12, 0),
(416, 117, 6, 0),
(417, 117, 7, 0),
(418, 117, 8, 0),
(419, 117, 9, 0),
(420, 117, 10, 0),
(421, 117, 11, 0),
(422, 117, 12, 0),
(423, 118, 6, 0),
(424, 118, 7, 0),
(425, 118, 8, 0),
(426, 118, 9, 0),
(427, 118, 10, 0),
(428, 118, 11, 0),
(429, 118, 12, 0),
(430, 119, 6, 0),
(431, 119, 7, 0),
(432, 119, 8, 0),
(433, 119, 9, 0),
(434, 119, 10, 0),
(435, 119, 11, 0),
(436, 119, 12, 0),
(437, 120, 6, 0),
(438, 120, 7, 0),
(439, 120, 8, 0),
(440, 120, 9, 0),
(441, 120, 10, 0),
(442, 120, 11, 0),
(443, 120, 12, 0),
(444, 121, 6, 0),
(445, 121, 7, 0),
(446, 121, 8, 0),
(447, 121, 9, 0),
(448, 121, 10, 0),
(449, 121, 11, 0),
(450, 121, 12, 0),
(451, 122, 6, 0),
(452, 122, 7, 0),
(453, 122, 8, 0),
(454, 122, 9, 0),
(455, 122, 10, 0),
(456, 122, 11, 0),
(457, 122, 12, 0),
(458, 123, 6, 0),
(459, 123, 7, 0),
(460, 123, 8, 0),
(461, 123, 9, 0),
(462, 123, 10, 0),
(463, 123, 11, 0),
(464, 123, 12, 0),
(465, 124, 6, 0),
(466, 124, 7, 0),
(467, 124, 8, 0),
(468, 124, 9, 0),
(469, 124, 10, 0),
(470, 124, 11, 0),
(471, 124, 12, 0),
(472, 125, 6, 0),
(473, 125, 7, 0),
(474, 125, 8, 0),
(475, 125, 9, 0),
(476, 125, 10, 0),
(477, 125, 11, 0),
(478, 125, 12, 0),
(479, 126, 6, 0),
(480, 126, 7, 0),
(481, 126, 8, 0),
(482, 126, 9, 0),
(483, 126, 10, 0),
(484, 126, 11, 0),
(485, 126, 12, 0),
(486, 127, 6, 0),
(487, 127, 7, 0),
(488, 127, 8, 0),
(489, 127, 9, 0),
(490, 127, 10, 0),
(491, 127, 11, 0),
(492, 127, 12, 0),
(493, 128, 6, 0),
(494, 128, 7, 0),
(495, 128, 8, 0),
(496, 128, 9, 0),
(497, 128, 10, 0),
(498, 128, 11, 0),
(499, 128, 12, 0),
(500, 129, 6, 0),
(501, 129, 7, 0),
(502, 129, 8, 0),
(503, 129, 9, 0),
(504, 129, 10, 0),
(505, 129, 11, 0),
(506, 129, 12, 0),
(507, 1, 20, 0),
(508, 3, 20, 0),
(509, 4, 20, 0),
(510, 5, 20, 0),
(511, 6, 20, 0),
(512, 7, 20, 0),
(513, 64, 20, 0),
(514, 65, 20, 0),
(515, 66, 20, 0),
(516, 67, 20, 0),
(517, 68, 20, 0),
(518, 69, 20, 0),
(519, 70, 20, 0),
(520, 71, 20, 0),
(521, 72, 20, 0),
(522, 73, 20, 0),
(523, 74, 20, 0),
(524, 75, 20, 0),
(525, 76, 20, 0),
(526, 77, 20, 0),
(527, 78, 20, 0),
(528, 79, 20, 0),
(529, 80, 20, 0),
(530, 81, 20, 0),
(531, 82, 20, 0),
(532, 83, 20, 0),
(533, 84, 20, 0),
(534, 85, 20, 0),
(535, 86, 20, 0),
(536, 87, 20, 0),
(537, 88, 20, 0),
(538, 89, 20, 0),
(539, 90, 20, 0),
(540, 91, 20, 0),
(541, 92, 20, 0),
(542, 93, 20, 0),
(543, 94, 20, 0),
(544, 95, 20, 0),
(545, 96, 20, 0),
(546, 97, 20, 0),
(547, 98, 20, 0),
(548, 99, 20, 0),
(549, 100, 20, 0),
(550, 101, 20, 0),
(551, 102, 20, 0),
(552, 103, 20, 0),
(553, 104, 20, 0),
(554, 105, 20, 0),
(555, 106, 20, 0),
(556, 107, 20, 0),
(557, 108, 20, 0),
(558, 109, 20, 0),
(559, 110, 20, 0),
(560, 111, 20, 0),
(561, 112, 20, 0),
(562, 113, 20, 0),
(563, 114, 20, 0),
(564, 115, 20, 0),
(565, 116, 20, 0),
(566, 117, 20, 0),
(567, 118, 20, 0),
(568, 119, 20, 0),
(569, 120, 20, 0),
(570, 121, 20, 0),
(571, 122, 20, 0),
(572, 123, 20, 0),
(573, 124, 20, 0),
(574, 125, 20, 0),
(575, 126, 20, 0),
(576, 127, 20, 0),
(577, 128, 20, 0),
(578, 129, 20, 0),
(579, 5, 12, 0),
(581, 1, 12, 0),
(583, 4, 12, 0),
(585, 6, 12, 0),
(587, 3, 12, 0),
(589, 7, 12, 0),
(591, 1, 21, 0),
(592, 3, 21, 0),
(593, 4, 21, 0),
(594, 5, 21, 0),
(595, 6, 21, 0),
(596, 7, 21, 0),
(597, 64, 21, 0),
(598, 65, 21, 0),
(599, 66, 21, 0),
(600, 67, 21, 0),
(601, 68, 21, 0),
(602, 69, 21, 0),
(603, 70, 21, 0),
(604, 71, 21, 0),
(605, 72, 21, 0),
(606, 73, 21, 0),
(607, 74, 21, 0),
(608, 75, 21, 0),
(609, 76, 21, 0),
(610, 77, 21, 0),
(611, 78, 21, 0),
(612, 79, 21, 0),
(613, 80, 21, 0),
(614, 81, 21, 0),
(615, 82, 21, 0),
(616, 83, 21, 0),
(617, 84, 21, 0),
(618, 85, 21, 0),
(619, 86, 21, 0),
(620, 87, 21, 0),
(621, 88, 21, 0),
(622, 89, 21, 0),
(623, 90, 21, 0),
(624, 91, 21, 0),
(625, 92, 21, 0),
(626, 93, 21, 0),
(627, 94, 21, 0),
(628, 95, 21, 0),
(629, 96, 21, 0),
(630, 97, 21, 0),
(631, 98, 21, 0),
(632, 99, 21, 0),
(633, 100, 21, 0),
(634, 101, 21, 0),
(635, 102, 21, 0),
(636, 103, 21, 0),
(637, 104, 21, 0),
(638, 105, 21, 0),
(639, 106, 21, 0),
(640, 107, 21, 0),
(641, 108, 21, 0),
(642, 109, 21, 0),
(643, 110, 21, 0),
(644, 111, 21, 0),
(645, 112, 21, 0),
(646, 113, 21, 0),
(647, 114, 21, 0),
(648, 115, 21, 0),
(649, 116, 21, 0),
(650, 117, 21, 0),
(651, 118, 21, 0),
(652, 119, 21, 0),
(653, 120, 21, 0),
(654, 121, 21, 0),
(655, 122, 21, 0),
(656, 123, 21, 0),
(657, 124, 21, 0),
(658, 125, 21, 0),
(659, 126, 21, 0),
(660, 127, 21, 0),
(661, 128, 21, 0),
(662, 129, 21, 0),
(663, 1, 22, 0),
(664, 3, 22, 0),
(665, 4, 22, 0),
(666, 5, 22, 0),
(667, 6, 22, 0),
(668, 7, 22, 0),
(669, 64, 22, 0),
(670, 65, 22, 0),
(671, 66, 22, 0),
(672, 67, 22, 0),
(673, 68, 22, 0),
(674, 69, 22, 0),
(675, 70, 22, 0),
(676, 71, 22, 0),
(677, 72, 22, 0),
(678, 73, 22, 0),
(679, 74, 22, 0),
(680, 75, 22, 0),
(681, 76, 22, 0),
(682, 77, 22, 0),
(683, 78, 22, 0),
(684, 79, 22, 0),
(685, 80, 22, 0),
(686, 81, 22, 0),
(687, 82, 22, 0),
(688, 83, 22, 0),
(689, 84, 22, 0),
(690, 85, 22, 0),
(691, 86, 22, 0),
(692, 87, 22, 0),
(693, 88, 22, 0),
(694, 89, 22, 0),
(695, 90, 22, 0),
(696, 91, 22, 0),
(697, 92, 22, 0),
(698, 93, 22, 0),
(699, 94, 22, 0),
(700, 95, 22, 0),
(701, 96, 22, 0),
(702, 97, 22, 0),
(703, 98, 22, 0),
(704, 99, 22, 0),
(705, 100, 22, 0),
(706, 101, 22, 0),
(707, 102, 22, 0),
(708, 103, 22, 0),
(709, 104, 22, 0),
(710, 105, 22, 0),
(711, 106, 22, 0),
(712, 107, 22, 0),
(713, 108, 22, 0),
(714, 109, 22, 0),
(715, 110, 22, 0),
(716, 111, 22, 0),
(717, 112, 22, 0),
(718, 113, 22, 0),
(719, 114, 22, 0),
(720, 115, 22, 0),
(721, 116, 22, 0),
(722, 117, 22, 0),
(723, 118, 22, 0),
(724, 119, 22, 0),
(725, 120, 22, 0),
(726, 121, 22, 0),
(727, 122, 22, 0),
(728, 123, 22, 0),
(729, 124, 22, 0),
(730, 125, 22, 0),
(731, 126, 22, 0),
(732, 127, 22, 0),
(733, 128, 22, 0),
(734, 129, 22, 0);

-- --------------------------------------------------------

--
-- Estructura de tabla para la tabla `servicios`
--

CREATE TABLE `servicios` (
  `id_servicio` int(10) UNSIGNED NOT NULL,
  `nservicio` varchar(100) NOT NULL,
  `costo` decimal(10,0) NOT NULL
) ENGINE=InnoDB DEFAULT CHARSET=latin1;

--
-- Volcado de datos para la tabla `servicios`
--

INSERT INTO `servicios` (`id_servicio`, `nservicio`, `costo`) VALUES
(6, 'Internet', '20'),
(7, 'Telefono', '10'),
(8, 'Agua', '5'),
(9, 'Electricidad', '6'),
(10, 'Gas', '4'),
(11, 'Aseo', '10'),
(12, 'Television', '8'),
(20, 'Aseo fin de semana', '40'),
(21, 'Caja chica', '15'),
(22, 'Fletes', '16');

--
-- Índices para tablas volcadas
--

--
-- Indices de la tabla `apartamentos`
--
ALTER TABLE `apartamentos`
  ADD PRIMARY KEY (`id_apartamento`),
  ADD KEY `pdf` (`pdf`);

--
-- Indices de la tabla `historialpdf`
--
ALTER TABLE `historialpdf`
  ADD PRIMARY KEY (`id_pdf`);

--
-- Indices de la tabla `login`
--
ALTER TABLE `login`
  ADD PRIMARY KEY (`id_login`),
  ADD KEY `id_apartamento` (`apartamento`);

--
-- Indices de la tabla `servicioapartamento`
--
ALTER TABLE `servicioapartamento`
  ADD PRIMARY KEY (`id`),
  ADD KEY `servicio_login` (`servicio`),
  ADD KEY `servicio_apartamento` (`apartamento`);

--
-- Indices de la tabla `servicios`
--
ALTER TABLE `servicios`
  ADD PRIMARY KEY (`id_servicio`);

--
-- AUTO_INCREMENT de las tablas volcadas
--

--
-- AUTO_INCREMENT de la tabla `apartamentos`
--
ALTER TABLE `apartamentos`
  MODIFY `id_apartamento` int(10) UNSIGNED NOT NULL AUTO_INCREMENT, AUTO_INCREMENT=130;

--
-- AUTO_INCREMENT de la tabla `login`
--
ALTER TABLE `login`
  MODIFY `id_login` int(10) UNSIGNED NOT NULL AUTO_INCREMENT, AUTO_INCREMENT=30;

--
-- AUTO_INCREMENT de la tabla `servicioapartamento`
--
ALTER TABLE `servicioapartamento`
  MODIFY `id` int(10) UNSIGNED NOT NULL AUTO_INCREMENT, AUTO_INCREMENT=735;

--
-- AUTO_INCREMENT de la tabla `servicios`
--
ALTER TABLE `servicios`
  MODIFY `id_servicio` int(10) UNSIGNED NOT NULL AUTO_INCREMENT, AUTO_INCREMENT=23;

--
-- Restricciones para tablas volcadas
--

--
-- Filtros para la tabla `historialpdf`
--
ALTER TABLE `historialpdf`
  ADD CONSTRAINT `historialpdf_ibfk_1` FOREIGN KEY (`id_pdf`) REFERENCES `apartamentos` (`pdf`);

--
-- Filtros para la tabla `login`
--
ALTER TABLE `login`
  ADD CONSTRAINT `login_ibfk_1` FOREIGN KEY (`apartamento`) REFERENCES `apartamentos` (`id_apartamento`) ON DELETE NO ACTION ON UPDATE CASCADE;

--
-- Filtros para la tabla `servicioapartamento`
--
ALTER TABLE `servicioapartamento`
  ADD CONSTRAINT `servicioapartamento_ibfk_1` FOREIGN KEY (`apartamento`) REFERENCES `apartamentos` (`id_apartamento`),
  ADD CONSTRAINT `servicioapartamento_ibfk_2` FOREIGN KEY (`servicio`) REFERENCES `servicios` (`id_servicio`);
COMMIT;

/*!40101 SET CHARACTER_SET_CLIENT=@OLD_CHARACTER_SET_CLIENT */;
/*!40101 SET CHARACTER_SET_RESULTS=@OLD_CHARACTER_SET_RESULTS */;
/*!40101 SET COLLATION_CONNECTION=@OLD_COLLATION_CONNECTION */;
